GGPLDV4, Before Filtering Steps,  ,  , 30105,  ,  , 2500,  , 170112
GGPLDV4, Duplicate Individuals Removed,  ,  ,  ,  , 0, 2500, 0.0
GGPLDV4, SNP Filtering Step, geno .1, 522, 29783, 0.017526777020447908,  ,  ,  , Tue Jan 24 22:49:36 2017
GGPLDV4, Individual Filtering Step, mind .1,  ,  ,  , 3, 2500, 0.0012, Tue Jan 24 22:50:01 2017
GGPLDV4, HWE Filtering Step, hwe 0.00000001, 371, 29223, 0.012695479587995757,  ,  ,  , Tue Jan 24 22:50:05 2017
GGPLDV4, Missexed Animals Filtered, impute-sex ycount,  ,  ,  , 5, 2497, 0.002002402883460152, Tue Jan 24 22:50:07 2017
GGPLDV4, SNP Filtering Step, geno .1, 522, 29783, 0.017526777020447908,  ,  ,  , Tue Jan 24 23:00:19 2017
GGPLDV4, Individual Filtering Step, mind .1,  ,  ,  , 3, 2500, 0.0012, Tue Jan 24 23:00:28 2017
GGPLDV4, HWE Filtering Step, hwe 0.00000001, 371, 29223, 0.012695479587995757,  ,  ,  , Tue Jan 24 23:00:32 2017
GGPLDV4, Missexed Animals Filtered, impute-sex ycount,  ,  ,  , 5, 2497, 0.002002402883460152, Tue Jan 24 23:00:33 2017
GGPLDV4, SNP Filtering Step, geno .1, 522, 29783, 0.017526777020447908,  ,  ,  , Tue Jan 24 23:13:26 2017
GGPLDV4, Individual Filtering Step, mind .1,  ,  ,  , 3, 2500, 0.0012, Tue Jan 24 23:13:35 2017
GGPLDV4, HWE Filtering Step, hwe 0.00000001, 371, 29223, 0.012695479587995757,  ,  ,  , Tue Jan 24 23:13:40 2017
GGPLDV4, Missexed Animals Filtered, impute-sex ycount,  ,  ,  , 5, 2497, 0.002002402883460152, Tue Jan 24 23:13:42 2017
GGPLDV4, SNP Filtering Step, geno .1, 522, 29783, 0.017526777020447908,  ,  ,  , Tue Jan 24 23:26:30 2017
GGPLDV4, Individual Filtering Step, mind .1,  ,  ,  , 3, 2500, 0.0012, Tue Jan 24 23:26:39 2017
GGPLDV4, HWE Filtering Step, hwe 0.00000001, 371, 29223, 0.012695479587995757,  ,  ,  , Tue Jan 24 23:26:44 2017
GGPLDV4, Missexed Animals Filtered, impute-sex ycount,  ,  ,  , 5, 2497, 0.002002402883460152, Tue Jan 24 23:26:45 2017
GGPLDV4, SNP Filtering Step, geno .1, 522, 29783, 0.017526777020447908,  ,  ,  , Tue Jan 24 23:36:47 2017
GGPLDV4, Individual Filtering Step, mind .1,  ,  ,  , 3, 2500, 0.0012, Tue Jan 24 23:36:57 2017
GGPLDV4, HWE Filtering Step, hwe 0.00000001, 371, 29223, 0.012695479587995757,  ,  ,  , Tue Jan 24 23:37:02 2017
GGPLDV4, Missexed Animals Filtered, impute-sex ycount,  ,  ,  , 5, 2497, 0.002002402883460152, Tue Jan 24 23:37:03 2017
GGPLDV4, SNP Filtering Step, geno .1, 522, 29783, 0.017526777020447908,  ,  ,  , Tue Jan 24 23:41:02 2017
GGPLDV4, Individual Filtering Step, mind .1,  ,  ,  , 3, 2500, 0.0012, Tue Jan 24 23:41:10 2017
GGPLDV4, HWE Filtering Step, hwe 0.00000001, 371, 29223, 0.012695479587995757,  ,  ,  , Tue Jan 24 23:41:14 2017
GGPLDV4, Missexed Animals Filtered, impute-sex ycount,  ,  ,  , 5, 2497, 0.002002402883460152, Tue Jan 24 23:41:15 2017
GGPLDV4, SNP Filtering Step, geno .1, 522, 29783, 0.017526777020447908,  ,  ,  , Tue Jan 24 23:52:25 2017
GGPLDV4, Individual Filtering Step, mind .1,  ,  ,  , 3, 2500, 0.0012, Tue Jan 24 23:52:34 2017
GGPLDV4, HWE Filtering Step, hwe 0.00000001, 371, 29223, 0.012695479587995757,  ,  ,  , Tue Jan 24 23:52:38 2017
GGPLDV4, Missexed Animals Filtered, impute-sex ycount,  ,  ,  , 5, 2497, 0.002002402883460152, Tue Jan 24 23:52:39 2017
GGPLDV4, SNP Filtering Step, geno .1, 522, 29783, 0.017526777020447908,  ,  ,  , Wed Jan 25 00:01:13 2017
GGPLDV4, Individual Filtering Step, mind .1,  ,  ,  , 3, 2500, 0.0012, Wed Jan 25 00:01:22 2017
GGPLDV4, HWE Filtering Step, hwe 0.00000001, 371, 29223, 0.012695479587995757,  ,  ,  , Wed Jan 25 00:01:26 2017
GGPLDV4, Missexed Animals Filtered, impute-sex ycount,  ,  ,  , 5, 2497, 0.002002402883460152, Wed Jan 25 00:01:27 2017
GGPLDV4, SNP Filtering Step, geno .1, 522, 29783, 0.017526777020447908,  ,  ,  , Wed Jan 25 08:09:39 2017
GGPLDV4, Individual Filtering Step, mind .1,  ,  ,  , 3, 2500, 0.0012, Wed Jan 25 08:09:48 2017
GGPLDV4, HWE Filtering Step, hwe 0.00000001, 371, 29223, 0.012695479587995757,  ,  ,  , Wed Jan 25 08:09:51 2017
GGPLDV4, Missexed Animals Filtered, impute-sex ycount,  ,  ,  , 5, 2497, 0.002002402883460152, Wed Jan 25 08:09:53 2017
GGPLDV4, SNP Filtering Step, geno .1, 522, 29783, 0.017526777020447908,  ,  ,  , Wed Jan 25 09:13:03 2017
GGPLDV4, Individual Filtering Step, mind .1,  ,  ,  , 3, 2500, 0.0012, Wed Jan 25 09:13:13 2017
GGPLDV4, HWE Filtering Step, hwe 0.00000001, 371, 29223, 0.012695479587995757,  ,  ,  , Wed Jan 25 09:13:17 2017
GGPLDV4, Missexed Animals Filtered, impute-sex ycount,  ,  ,  , 5, 2497, 0.002002402883460152, Wed Jan 25 09:13:18 2017
GGPLDV4, SNP Filtering Step, geno .1, 522, 29783, 0.017526777020447908,  ,  ,  , Wed Jan 25 09:57:51 2017
GGPLDV4, Individual Filtering Step, mind .1,  ,  ,  , 3, 2500, 0.0012, Wed Jan 25 09:58:01 2017
GGPLDV4, HWE Filtering Step, hwe 0.00000001, 371, 29223, 0.012695479587995757,  ,  ,  , Wed Jan 25 09:58:06 2017
GGPLDV4, Missexed Animals Filtered, impute-sex ycount,  ,  ,  , 5, 2497, 0.002002402883460152, Wed Jan 25 09:58:07 2017
GGPLDV4, SNP Filtering Step, geno .1, 522, 29783, 0.017526777020447908,  ,  ,  , Fri Jan 27 12:38:57 2017
GGPLDV4, Individual Filtering Step, mind .1,  ,  ,  , 3, 2500, 0.0012, Fri Jan 27 12:39:08 2017
GGPLDV4, HWE Filtering Step, hwe 0.00000001, 371, 29223, 0.012695479587995757,  ,  ,  , Fri Jan 27 12:39:13 2017
GGPLDV4, Missexed Animals Filtered, impute-sex ycount,  ,  ,  , 5, 2497, 0.002002402883460152, Fri Jan 27 12:39:14 2017
GGPLDV4, SNP Filtering Step, geno .1, 522, 29783, 0.017526777020447908,  ,  ,  , Fri Jan 27 15:16:00 2017
GGPLDV4, Individual Filtering Step, mind .1,  ,  ,  , 3, 2500, 0.0012, Fri Jan 27 15:16:10 2017
GGPLDV4, HWE Filtering Step, hwe 0.00000001, 371, 29223, 0.012695479587995757,  ,  ,  , Fri Jan 27 15:16:14 2017
GGPLDV4, Missexed Animals Filtered, impute-sex ycount,  ,  ,  , 5, 2497, 0.002002402883460152, Fri Jan 27 15:16:16 2017
GGPLDV4, SNP Filtering Step, geno .1, 522, 29783, 0.017526777020447908,  ,  ,  , Fri Jan 27 15:23:32 2017
GGPLDV4, Individual Filtering Step, mind .1,  ,  ,  , 3, 2500, 0.0012, Fri Jan 27 15:23:40 2017
GGPLDV4, HWE Filtering Step, hwe 0.00000001, 371, 29223, 0.012695479587995757,  ,  ,  , Fri Jan 27 15:23:44 2017
GGPLDV4, Missexed Animals Filtered, impute-sex ycount,  ,  ,  , 5, 2497, 0.002002402883460152, Fri Jan 27 15:23:46 2017
GGPLDV4, SNP Filtering Step, geno .1, 522, 29783, 0.017526777020447908,  ,  ,  , Fri Jan 27 15:30:50 2017
GGPLDV4, Individual Filtering Step, mind .1,  ,  ,  , 3, 2500, 0.0012, Fri Jan 27 15:31:00 2017
GGPLDV4, HWE Filtering Step, hwe 0.00000001, 371, 29223, 0.012695479587995757,  ,  ,  , Fri Jan 27 15:31:04 2017
GGPLDV4, Missexed Animals Filtered, impute-sex ycount,  ,  ,  , 5, 2497, 0.002002402883460152, Fri Jan 27 15:31:05 2017
